title,content
"About This App","Welcome to Sports Gear Advisor! Our app is designed to help athletes of all levels find the perfect sports equipment tailored to their specific needs. Whether you're a beginner just getting started or an experienced player looking for an upgrade, we've got you covered.

How It Works:

Personalized Recommendations: Simply enter your weight, height, age, and a few other relevant details, and our app will provide you with customized suggestions for sports equipment. We cover a wide range of sports including cricket, football, basketball, running, tennis, and more.

Expert Advice: Our recommendations are based on industry standards and expert insights to ensure you get the best gear for your needs. We consider factors like your skill level, playing style, and physical attributes to make precise suggestions.

Multi-Sport Support: Whether you play multiple sports or are looking to try something new, our app can adapt to provide recommendations across various sports. Update your profile with new information, and get gear suggestions tailored to each sport.

User-Friendly Interface: Our app is designed to be intuitive and easy to use. With just a few taps, you can get detailed recommendations and explore various options that fit your criteria.

Secure and Private: We prioritize your privacy and data security. Your personal information is safe with us, and we use advanced security measures to protect it.

Regular Updates: We continuously improve the app with new features and updates based on user feedback and the latest trends in sports equipment. Stay tuned for exciting enhancements that make your experience even better.

Why Choose Sports Gear Advisor?

Accuracy: Our algorithm uses detailed data analysis to provide precise recommendations tailored to your specific needs.
Expertise: Collaborating with sports experts ensures that our suggestions are reliable and based on current best practices.
Convenience: Get all your equipment recommendations in one place, saving you time and effort.
Comprehensive Coverage: From cricket bats to running shoes, we cover a wide range of sports and equipment.
User-Centric: Your feedback is important to us. We strive to make our app better with every update based on what you, our users, need.

Get Started Today:

Join thousands of athletes who trust Sports Gear Advisor to find the perfect equipment. Download the app, create your profile, and start getting personalized sports gear recommendations today. Elevate your game with the right gear, tailored just for you!"
